{
  "hash": "fb22d1de7d864137635ddc4b297b0f37",
  "result": {
    "markdown": "---\ntitle: \"Starwars\"\nauthor: \"Your Name\"\ndate: \"2023-10-30\"\ncategories: [starwars, code, analysis]\nimage: \"image.png\"\n\nexecute: \n  warning: false\n  message: false\n  \ntoc: true\n---\n\n\n\n\nLet's analyze the `starwars` data:\n\n\n::: {.cell}\n\n```{.r .cell-code}\nstarwars <- read_csv(\"https://bcdanl.github.io/data/starwars.csv\")\n```\n:::\n\n\n```{.r .cell-code}\nrmarkdown::paged_table(starwars) \n```\n\n::: {.cell-output-display}\n`````{=html}\n<div data-pagedtable=\"false\">\n  <script data-pagedtable-source type=\"application/json\">\n{\"columns\":[{\"label\":[\"films\"],\"name\":[1],\"type\":[\"chr\"],\"align\":[\"left\"]},{\"label\":[\"name\"],\"name\":[2],\"type\":[\"chr\"],\"align\":[\"left\"]},{\"label\":[\"species\"],\"name\":[3],\"type\":[\"chr\"],\"align\":[\"left\"]},{\"label\":[\"height\"],\"name\":[4],\"type\":[\"dbl\"],\"align\":[\"right\"]},{\"label\":[\"mass\"],\"name\":[5],\"type\":[\"dbl\"],\"align\":[\"right\"]},{\"label\":[\"hair_color\"],\"name\":[6],\"type\":[\"chr\"],\"align\":[\"left\"]},{\"label\":[\"skin_color\"],\"name\":[7],\"type\":[\"chr\"],\"align\":[\"left\"]},{\"label\":[\"eye_color\"],\"name\":[8],\"type\":[\"chr\"],\"align\":[\"left\"]},{\"label\":[\"birth_year\"],\"name\":[9],\"type\":[\"dbl\"],\"align\":[\"right\"]},{\"label\":[\"sex\"],\"name\":[10],\"type\":[\"chr\"],\"align\":[\"left\"]},{\"label\":[\"gender\"],\"name\":[11],\"type\":[\"chr\"],\"align\":[\"left\"]},{\"label\":[\"homeworld\"],\"name\":[12],\"type\":[\"chr\"],\"align\":[\"left\"]}],\"data\":[{\"1\":\"The Empire Strikes Back\",\"2\":\"Luke Skywalker\",\"3\":\"Human\",\"4\":\"172\",\"5\":\"77.0\",\"6\":\"blond\",\"7\":\"fair\",\"8\":\"blue\",\"9\":\"19.0\",\"10\":\"male\",\"11\":\"masculine\",\"12\":\"Tatooine\"},{\"1\":\"Revenge of the Sith\",\"2\":\"Luke Skywalker\",\"3\":\"Human\",\"4\":\"172\",\"5\":\"77.0\",\"6\":\"blond\",\"7\":\"fair\",\"8\":\"blue\",\"9\":\"19.0\",\"10\":\"male\",\"11\":\"masculine\",\"12\":\"Tatooine\"},{\"1\":\"Return of the Jedi\",\"2\":\"Luke Skywalker\",\"3\":\"Human\",\"4\":\"172\",\"5\":\"77.0\",\"6\":\"blond\",\"7\":\"fair\",\"8\":\"blue\",\"9\":\"19.0\",\"10\":\"male\",\"11\":\"masculine\",\"12\":\"Tatooine\"},{\"1\":\"A New Hope\",\"2\":\"Luke Skywalker\",\"3\":\"Human\",\"4\":\"172\",\"5\":\"77.0\",\"6\":\"blond\",\"7\":\"fair\",\"8\":\"blue\",\"9\":\"19.0\",\"10\":\"male\",\"11\":\"masculine\",\"12\":\"Tatooine\"},{\"1\":\"The Force Awakens\",\"2\":\"Luke Skywalker\",\"3\":\"Human\",\"4\":\"172\",\"5\":\"77.0\",\"6\":\"blond\",\"7\":\"fair\",\"8\":\"blue\",\"9\":\"19.0\",\"10\":\"male\",\"11\":\"masculine\",\"12\":\"Tatooine\"},{\"1\":\"The Empire Strikes Back\",\"2\":\"C-3PO\",\"3\":\"Droid\",\"4\":\"167\",\"5\":\"75.0\",\"6\":\"NA\",\"7\":\"gold\",\"8\":\"yellow\",\"9\":\"112.0\",\"10\":\"none\",\"11\":\"masculine\",\"12\":\"Tatooine\"},{\"1\":\"Attack of the Clones\",\"2\":\"C-3PO\",\"3\":\"Droid\",\"4\":\"167\",\"5\":\"75.0\",\"6\":\"NA\",\"7\":\"gold\",\"8\":\"yellow\",\"9\":\"112.0\",\"10\":\"none\",\"11\":\"masculine\",\"12\":\"Tatooine\"},{\"1\":\"The Phantom Menace\",\"2\":\"C-3PO\",\"3\":\"Droid\",\"4\":\"167\",\"5\":\"75.0\",\"6\":\"NA\",\"7\":\"gold\",\"8\":\"yellow\",\"9\":\"112.0\",\"10\":\"none\",\"11\":\"masculine\",\"12\":\"Tatooine\"},{\"1\":\"Revenge of the Sith\",\"2\":\"C-3PO\",\"3\":\"Droid\",\"4\":\"167\",\"5\":\"75.0\",\"6\":\"NA\",\"7\":\"gold\",\"8\":\"yellow\",\"9\":\"112.0\",\"10\":\"none\",\"11\":\"masculine\",\"12\":\"Tatooine\"},{\"1\":\"Return of the Jedi\",\"2\":\"C-3PO\",\"3\":\"Droid\",\"4\":\"167\",\"5\":\"75.0\",\"6\":\"NA\",\"7\":\"gold\",\"8\":\"yellow\",\"9\":\"112.0\",\"10\":\"none\",\"11\":\"masculine\",\"12\":\"Tatooine\"},{\"1\":\"A New Hope\",\"2\":\"C-3PO\",\"3\":\"Droid\",\"4\":\"167\",\"5\":\"75.0\",\"6\":\"NA\",\"7\":\"gold\",\"8\":\"yellow\",\"9\":\"112.0\",\"10\":\"none\",\"11\":\"masculine\",\"12\":\"Tatooine\"},{\"1\":\"The Empire Strikes Back\",\"2\":\"R2-D2\",\"3\":\"Droid\",\"4\":\"96\",\"5\":\"32.0\",\"6\":\"NA\",\"7\":\"white, blue\",\"8\":\"red\",\"9\":\"33.0\",\"10\":\"none\",\"11\":\"masculine\",\"12\":\"Naboo\"},{\"1\":\"Attack of the Clones\",\"2\":\"R2-D2\",\"3\":\"Droid\",\"4\":\"96\",\"5\":\"32.0\",\"6\":\"NA\",\"7\":\"white, blue\",\"8\":\"red\",\"9\":\"33.0\",\"10\":\"none\",\"11\":\"masculine\",\"12\":\"Naboo\"},{\"1\":\"The Phantom Menace\",\"2\":\"R2-D2\",\"3\":\"Droid\",\"4\":\"96\",\"5\":\"32.0\",\"6\":\"NA\",\"7\":\"white, blue\",\"8\":\"red\",\"9\":\"33.0\",\"10\":\"none\",\"11\":\"masculine\",\"12\":\"Naboo\"},{\"1\":\"Revenge of the Sith\",\"2\":\"R2-D2\",\"3\":\"Droid\",\"4\":\"96\",\"5\":\"32.0\",\"6\":\"NA\",\"7\":\"white, blue\",\"8\":\"red\",\"9\":\"33.0\",\"10\":\"none\",\"11\":\"masculine\",\"12\":\"Naboo\"},{\"1\":\"Return of the Jedi\",\"2\":\"R2-D2\",\"3\":\"Droid\",\"4\":\"96\",\"5\":\"32.0\",\"6\":\"NA\",\"7\":\"white, blue\",\"8\":\"red\",\"9\":\"33.0\",\"10\":\"none\",\"11\":\"masculine\",\"12\":\"Naboo\"},{\"1\":\"A New Hope\",\"2\":\"R2-D2\",\"3\":\"Droid\",\"4\":\"96\",\"5\":\"32.0\",\"6\":\"NA\",\"7\":\"white, blue\",\"8\":\"red\",\"9\":\"33.0\",\"10\":\"none\",\"11\":\"masculine\",\"12\":\"Naboo\"},{\"1\":\"The Force Awakens\",\"2\":\"R2-D2\",\"3\":\"Droid\",\"4\":\"96\",\"5\":\"32.0\",\"6\":\"NA\",\"7\":\"white, blue\",\"8\":\"red\",\"9\":\"33.0\",\"10\":\"none\",\"11\":\"masculine\",\"12\":\"Naboo\"},{\"1\":\"The Empire Strikes Back\",\"2\":\"Darth Vader\",\"3\":\"Human\",\"4\":\"202\",\"5\":\"136.0\",\"6\":\"none\",\"7\":\"white\",\"8\":\"yellow\",\"9\":\"41.9\",\"10\":\"male\",\"11\":\"masculine\",\"12\":\"Tatooine\"},{\"1\":\"Revenge of the Sith\",\"2\":\"Darth Vader\",\"3\":\"Human\",\"4\":\"202\",\"5\":\"136.0\",\"6\":\"none\",\"7\":\"white\",\"8\":\"yellow\",\"9\":\"41.9\",\"10\":\"male\",\"11\":\"masculine\",\"12\":\"Tatooine\"},{\"1\":\"Return of the Jedi\",\"2\":\"Darth Vader\",\"3\":\"Human\",\"4\":\"202\",\"5\":\"136.0\",\"6\":\"none\",\"7\":\"white\",\"8\":\"yellow\",\"9\":\"41.9\",\"10\":\"male\",\"11\":\"masculine\",\"12\":\"Tatooine\"},{\"1\":\"A New Hope\",\"2\":\"Darth Vader\",\"3\":\"Human\",\"4\":\"202\",\"5\":\"136.0\",\"6\":\"none\",\"7\":\"white\",\"8\":\"yellow\",\"9\":\"41.9\",\"10\":\"male\",\"11\":\"masculine\",\"12\":\"Tatooine\"},{\"1\":\"The Empire Strikes Back\",\"2\":\"Leia Organa\",\"3\":\"Human\",\"4\":\"150\",\"5\":\"49.0\",\"6\":\"brown\",\"7\":\"light\",\"8\":\"brown\",\"9\":\"19.0\",\"10\":\"female\",\"11\":\"feminine\",\"12\":\"Alderaan\"},{\"1\":\"Revenge of the Sith\",\"2\":\"Leia Organa\",\"3\":\"Human\",\"4\":\"150\",\"5\":\"49.0\",\"6\":\"brown\",\"7\":\"light\",\"8\":\"brown\",\"9\":\"19.0\",\"10\":\"female\",\"11\":\"feminine\",\"12\":\"Alderaan\"},{\"1\":\"Return of the Jedi\",\"2\":\"Leia Organa\",\"3\":\"Human\",\"4\":\"150\",\"5\":\"49.0\",\"6\":\"brown\",\"7\":\"light\",\"8\":\"brown\",\"9\":\"19.0\",\"10\":\"female\",\"11\":\"feminine\",\"12\":\"Alderaan\"},{\"1\":\"A New Hope\",\"2\":\"Leia Organa\",\"3\":\"Human\",\"4\":\"150\",\"5\":\"49.0\",\"6\":\"brown\",\"7\":\"light\",\"8\":\"brown\",\"9\":\"19.0\",\"10\":\"female\",\"11\":\"feminine\",\"12\":\"Alderaan\"},{\"1\":\"The Force Awakens\",\"2\":\"Leia Organa\",\"3\":\"Human\",\"4\":\"150\",\"5\":\"49.0\",\"6\":\"brown\",\"7\":\"light\",\"8\":\"brown\",\"9\":\"19.0\",\"10\":\"female\",\"11\":\"feminine\",\"12\":\"Alderaan\"},{\"1\":\"Attack of the Clones\",\"2\":\"Owen Lars\",\"3\":\"Human\",\"4\":\"178\",\"5\":\"120.0\",\"6\":\"brown, grey\",\"7\":\"light\",\"8\":\"blue\",\"9\":\"52.0\",\"10\":\"male\",\"11\":\"masculine\",\"12\":\"Tatooine\"},{\"1\":\"Revenge of the Sith\",\"2\":\"Owen Lars\",\"3\":\"Human\",\"4\":\"178\",\"5\":\"120.0\",\"6\":\"brown, grey\",\"7\":\"light\",\"8\":\"blue\",\"9\":\"52.0\",\"10\":\"male\",\"11\":\"masculine\",\"12\":\"Tatooine\"},{\"1\":\"A New Hope\",\"2\":\"Owen Lars\",\"3\":\"Human\",\"4\":\"178\",\"5\":\"120.0\",\"6\":\"brown, grey\",\"7\":\"light\",\"8\":\"blue\",\"9\":\"52.0\",\"10\":\"male\",\"11\":\"masculine\",\"12\":\"Tatooine\"},{\"1\":\"Attack of the Clones\",\"2\":\"Beru Whitesun lars\",\"3\":\"Human\",\"4\":\"165\",\"5\":\"75.0\",\"6\":\"brown\",\"7\":\"light\",\"8\":\"blue\",\"9\":\"47.0\",\"10\":\"female\",\"11\":\"feminine\",\"12\":\"Tatooine\"},{\"1\":\"Revenge of the Sith\",\"2\":\"Beru Whitesun lars\",\"3\":\"Human\",\"4\":\"165\",\"5\":\"75.0\",\"6\":\"brown\",\"7\":\"light\",\"8\":\"blue\",\"9\":\"47.0\",\"10\":\"female\",\"11\":\"feminine\",\"12\":\"Tatooine\"},{\"1\":\"A New Hope\",\"2\":\"Beru Whitesun lars\",\"3\":\"Human\",\"4\":\"165\",\"5\":\"75.0\",\"6\":\"brown\",\"7\":\"light\",\"8\":\"blue\",\"9\":\"47.0\",\"10\":\"female\",\"11\":\"feminine\",\"12\":\"Tatooine\"},{\"1\":\"A New Hope\",\"2\":\"R5-D4\",\"3\":\"Droid\",\"4\":\"97\",\"5\":\"32.0\",\"6\":\"NA\",\"7\":\"white, red\",\"8\":\"red\",\"9\":\"NA\",\"10\":\"none\",\"11\":\"masculine\",\"12\":\"Tatooine\"},{\"1\":\"A New Hope\",\"2\":\"Biggs Darklighter\",\"3\":\"Human\",\"4\":\"183\",\"5\":\"84.0\",\"6\":\"black\",\"7\":\"light\",\"8\":\"brown\",\"9\":\"24.0\",\"10\":\"male\",\"11\":\"masculine\",\"12\":\"Tatooine\"},{\"1\":\"The Empire Strikes Back\",\"2\":\"Obi-Wan Kenobi\",\"3\":\"Human\",\"4\":\"182\",\"5\":\"77.0\",\"6\":\"auburn, white\",\"7\":\"fair\",\"8\":\"blue-gray\",\"9\":\"57.0\",\"10\":\"male\",\"11\":\"masculine\",\"12\":\"Stewjon\"},{\"1\":\"Attack of the Clones\",\"2\":\"Obi-Wan Kenobi\",\"3\":\"Human\",\"4\":\"182\",\"5\":\"77.0\",\"6\":\"auburn, white\",\"7\":\"fair\",\"8\":\"blue-gray\",\"9\":\"57.0\",\"10\":\"male\",\"11\":\"masculine\",\"12\":\"Stewjon\"},{\"1\":\"The Phantom Menace\",\"2\":\"Obi-Wan Kenobi\",\"3\":\"Human\",\"4\":\"182\",\"5\":\"77.0\",\"6\":\"auburn, white\",\"7\":\"fair\",\"8\":\"blue-gray\",\"9\":\"57.0\",\"10\":\"male\",\"11\":\"masculine\",\"12\":\"Stewjon\"},{\"1\":\"Revenge of the Sith\",\"2\":\"Obi-Wan Kenobi\",\"3\":\"Human\",\"4\":\"182\",\"5\":\"77.0\",\"6\":\"auburn, white\",\"7\":\"fair\",\"8\":\"blue-gray\",\"9\":\"57.0\",\"10\":\"male\",\"11\":\"masculine\",\"12\":\"Stewjon\"},{\"1\":\"Return of the Jedi\",\"2\":\"Obi-Wan Kenobi\",\"3\":\"Human\",\"4\":\"182\",\"5\":\"77.0\",\"6\":\"auburn, white\",\"7\":\"fair\",\"8\":\"blue-gray\",\"9\":\"57.0\",\"10\":\"male\",\"11\":\"masculine\",\"12\":\"Stewjon\"},{\"1\":\"A New Hope\",\"2\":\"Obi-Wan Kenobi\",\"3\":\"Human\",\"4\":\"182\",\"5\":\"77.0\",\"6\":\"auburn, white\",\"7\":\"fair\",\"8\":\"blue-gray\",\"9\":\"57.0\",\"10\":\"male\",\"11\":\"masculine\",\"12\":\"Stewjon\"},{\"1\":\"Attack of the Clones\",\"2\":\"Anakin Skywalker\",\"3\":\"Human\",\"4\":\"188\",\"5\":\"84.0\",\"6\":\"blond\",\"7\":\"fair\",\"8\":\"blue\",\"9\":\"41.9\",\"10\":\"male\",\"11\":\"masculine\",\"12\":\"Tatooine\"},{\"1\":\"The Phantom Menace\",\"2\":\"Anakin Skywalker\",\"3\":\"Human\",\"4\":\"188\",\"5\":\"84.0\",\"6\":\"blond\",\"7\":\"fair\",\"8\":\"blue\",\"9\":\"41.9\",\"10\":\"male\",\"11\":\"masculine\",\"12\":\"Tatooine\"},{\"1\":\"Revenge of the Sith\",\"2\":\"Anakin Skywalker\",\"3\":\"Human\",\"4\":\"188\",\"5\":\"84.0\",\"6\":\"blond\",\"7\":\"fair\",\"8\":\"blue\",\"9\":\"41.9\",\"10\":\"male\",\"11\":\"masculine\",\"12\":\"Tatooine\"},{\"1\":\"Revenge of the Sith\",\"2\":\"Wilhuff Tarkin\",\"3\":\"Human\",\"4\":\"180\",\"5\":\"NA\",\"6\":\"auburn, grey\",\"7\":\"fair\",\"8\":\"blue\",\"9\":\"64.0\",\"10\":\"male\",\"11\":\"masculine\",\"12\":\"Eriadu\"},{\"1\":\"A New Hope\",\"2\":\"Wilhuff Tarkin\",\"3\":\"Human\",\"4\":\"180\",\"5\":\"NA\",\"6\":\"auburn, grey\",\"7\":\"fair\",\"8\":\"blue\",\"9\":\"64.0\",\"10\":\"male\",\"11\":\"masculine\",\"12\":\"Eriadu\"},{\"1\":\"The Empire Strikes Back\",\"2\":\"Chewbacca\",\"3\":\"Wookiee\",\"4\":\"228\",\"5\":\"112.0\",\"6\":\"brown\",\"7\":\"unknown\",\"8\":\"blue\",\"9\":\"200.0\",\"10\":\"male\",\"11\":\"masculine\",\"12\":\"Kashyyyk\"},{\"1\":\"Revenge of the Sith\",\"2\":\"Chewbacca\",\"3\":\"Wookiee\",\"4\":\"228\",\"5\":\"112.0\",\"6\":\"brown\",\"7\":\"unknown\",\"8\":\"blue\",\"9\":\"200.0\",\"10\":\"male\",\"11\":\"masculine\",\"12\":\"Kashyyyk\"},{\"1\":\"Return of the Jedi\",\"2\":\"Chewbacca\",\"3\":\"Wookiee\",\"4\":\"228\",\"5\":\"112.0\",\"6\":\"brown\",\"7\":\"unknown\",\"8\":\"blue\",\"9\":\"200.0\",\"10\":\"male\",\"11\":\"masculine\",\"12\":\"Kashyyyk\"},{\"1\":\"A New Hope\",\"2\":\"Chewbacca\",\"3\":\"Wookiee\",\"4\":\"228\",\"5\":\"112.0\",\"6\":\"brown\",\"7\":\"unknown\",\"8\":\"blue\",\"9\":\"200.0\",\"10\":\"male\",\"11\":\"masculine\",\"12\":\"Kashyyyk\"},{\"1\":\"The Force Awakens\",\"2\":\"Chewbacca\",\"3\":\"Wookiee\",\"4\":\"228\",\"5\":\"112.0\",\"6\":\"brown\",\"7\":\"unknown\",\"8\":\"blue\",\"9\":\"200.0\",\"10\":\"male\",\"11\":\"masculine\",\"12\":\"Kashyyyk\"},{\"1\":\"The Empire Strikes Back\",\"2\":\"Han Solo\",\"3\":\"Human\",\"4\":\"180\",\"5\":\"80.0\",\"6\":\"brown\",\"7\":\"fair\",\"8\":\"brown\",\"9\":\"29.0\",\"10\":\"male\",\"11\":\"masculine\",\"12\":\"Corellia\"},{\"1\":\"Return of the Jedi\",\"2\":\"Han Solo\",\"3\":\"Human\",\"4\":\"180\",\"5\":\"80.0\",\"6\":\"brown\",\"7\":\"fair\",\"8\":\"brown\",\"9\":\"29.0\",\"10\":\"male\",\"11\":\"masculine\",\"12\":\"Corellia\"},{\"1\":\"A New Hope\",\"2\":\"Han Solo\",\"3\":\"Human\",\"4\":\"180\",\"5\":\"80.0\",\"6\":\"brown\",\"7\":\"fair\",\"8\":\"brown\",\"9\":\"29.0\",\"10\":\"male\",\"11\":\"masculine\",\"12\":\"Corellia\"},{\"1\":\"The Force Awakens\",\"2\":\"Han Solo\",\"3\":\"Human\",\"4\":\"180\",\"5\":\"80.0\",\"6\":\"brown\",\"7\":\"fair\",\"8\":\"brown\",\"9\":\"29.0\",\"10\":\"male\",\"11\":\"masculine\",\"12\":\"Corellia\"},{\"1\":\"A New Hope\",\"2\":\"Greedo\",\"3\":\"Rodian\",\"4\":\"173\",\"5\":\"74.0\",\"6\":\"NA\",\"7\":\"green\",\"8\":\"black\",\"9\":\"44.0\",\"10\":\"male\",\"11\":\"masculine\",\"12\":\"Rodia\"},{\"1\":\"The Phantom Menace\",\"2\":\"Jabba Desilijic Tiure\",\"3\":\"Hutt\",\"4\":\"175\",\"5\":\"1358.0\",\"6\":\"NA\",\"7\":\"green-tan, brown\",\"8\":\"orange\",\"9\":\"600.0\",\"10\":\"hermaphroditic\",\"11\":\"masculine\",\"12\":\"Nal Hutta\"},{\"1\":\"Return of the Jedi\",\"2\":\"Jabba Desilijic Tiure\",\"3\":\"Hutt\",\"4\":\"175\",\"5\":\"1358.0\",\"6\":\"NA\",\"7\":\"green-tan, brown\",\"8\":\"orange\",\"9\":\"600.0\",\"10\":\"hermaphroditic\",\"11\":\"masculine\",\"12\":\"Nal Hutta\"},{\"1\":\"A New Hope\",\"2\":\"Jabba Desilijic Tiure\",\"3\":\"Hutt\",\"4\":\"175\",\"5\":\"1358.0\",\"6\":\"NA\",\"7\":\"green-tan, brown\",\"8\":\"orange\",\"9\":\"600.0\",\"10\":\"hermaphroditic\",\"11\":\"masculine\",\"12\":\"Nal Hutta\"},{\"1\":\"The Empire Strikes Back\",\"2\":\"Wedge Antilles\",\"3\":\"Human\",\"4\":\"170\",\"5\":\"77.0\",\"6\":\"brown\",\"7\":\"fair\",\"8\":\"hazel\",\"9\":\"21.0\",\"10\":\"male\",\"11\":\"masculine\",\"12\":\"Corellia\"},{\"1\":\"Return of the Jedi\",\"2\":\"Wedge Antilles\",\"3\":\"Human\",\"4\":\"170\",\"5\":\"77.0\",\"6\":\"brown\",\"7\":\"fair\",\"8\":\"hazel\",\"9\":\"21.0\",\"10\":\"male\",\"11\":\"masculine\",\"12\":\"Corellia\"},{\"1\":\"A New Hope\",\"2\":\"Wedge Antilles\",\"3\":\"Human\",\"4\":\"170\",\"5\":\"77.0\",\"6\":\"brown\",\"7\":\"fair\",\"8\":\"hazel\",\"9\":\"21.0\",\"10\":\"male\",\"11\":\"masculine\",\"12\":\"Corellia\"},{\"1\":\"A New Hope\",\"2\":\"Jek Tono Porkins\",\"3\":\"Human\",\"4\":\"180\",\"5\":\"110.0\",\"6\":\"brown\",\"7\":\"fair\",\"8\":\"blue\",\"9\":\"NA\",\"10\":\"male\",\"11\":\"masculine\",\"12\":\"Bestine IV\"},{\"1\":\"The Empire Strikes Back\",\"2\":\"Yoda\",\"3\":\"Yoda's species\",\"4\":\"66\",\"5\":\"17.0\",\"6\":\"white\",\"7\":\"green\",\"8\":\"brown\",\"9\":\"896.0\",\"10\":\"male\",\"11\":\"masculine\",\"12\":\"NA\"},{\"1\":\"Attack of the Clones\",\"2\":\"Yoda\",\"3\":\"Yoda's species\",\"4\":\"66\",\"5\":\"17.0\",\"6\":\"white\",\"7\":\"green\",\"8\":\"brown\",\"9\":\"896.0\",\"10\":\"male\",\"11\":\"masculine\",\"12\":\"NA\"},{\"1\":\"The Phantom Menace\",\"2\":\"Yoda\",\"3\":\"Yoda's species\",\"4\":\"66\",\"5\":\"17.0\",\"6\":\"white\",\"7\":\"green\",\"8\":\"brown\",\"9\":\"896.0\",\"10\":\"male\",\"11\":\"masculine\",\"12\":\"NA\"},{\"1\":\"Revenge of the Sith\",\"2\":\"Yoda\",\"3\":\"Yoda's species\",\"4\":\"66\",\"5\":\"17.0\",\"6\":\"white\",\"7\":\"green\",\"8\":\"brown\",\"9\":\"896.0\",\"10\":\"male\",\"11\":\"masculine\",\"12\":\"NA\"},{\"1\":\"Return of the Jedi\",\"2\":\"Yoda\",\"3\":\"Yoda's species\",\"4\":\"66\",\"5\":\"17.0\",\"6\":\"white\",\"7\":\"green\",\"8\":\"brown\",\"9\":\"896.0\",\"10\":\"male\",\"11\":\"masculine\",\"12\":\"NA\"},{\"1\":\"The Empire Strikes Back\",\"2\":\"Palpatine\",\"3\":\"Human\",\"4\":\"170\",\"5\":\"75.0\",\"6\":\"grey\",\"7\":\"pale\",\"8\":\"yellow\",\"9\":\"82.0\",\"10\":\"male\",\"11\":\"masculine\",\"12\":\"Naboo\"},{\"1\":\"Attack of the Clones\",\"2\":\"Palpatine\",\"3\":\"Human\",\"4\":\"170\",\"5\":\"75.0\",\"6\":\"grey\",\"7\":\"pale\",\"8\":\"yellow\",\"9\":\"82.0\",\"10\":\"male\",\"11\":\"masculine\",\"12\":\"Naboo\"},{\"1\":\"The Phantom Menace\",\"2\":\"Palpatine\",\"3\":\"Human\",\"4\":\"170\",\"5\":\"75.0\",\"6\":\"grey\",\"7\":\"pale\",\"8\":\"yellow\",\"9\":\"82.0\",\"10\":\"male\",\"11\":\"masculine\",\"12\":\"Naboo\"},{\"1\":\"Revenge of the Sith\",\"2\":\"Palpatine\",\"3\":\"Human\",\"4\":\"170\",\"5\":\"75.0\",\"6\":\"grey\",\"7\":\"pale\",\"8\":\"yellow\",\"9\":\"82.0\",\"10\":\"male\",\"11\":\"masculine\",\"12\":\"Naboo\"},{\"1\":\"Return of the Jedi\",\"2\":\"Palpatine\",\"3\":\"Human\",\"4\":\"170\",\"5\":\"75.0\",\"6\":\"grey\",\"7\":\"pale\",\"8\":\"yellow\",\"9\":\"82.0\",\"10\":\"male\",\"11\":\"masculine\",\"12\":\"Naboo\"},{\"1\":\"The Empire Strikes Back\",\"2\":\"Boba Fett\",\"3\":\"Human\",\"4\":\"183\",\"5\":\"78.2\",\"6\":\"black\",\"7\":\"fair\",\"8\":\"brown\",\"9\":\"31.5\",\"10\":\"male\",\"11\":\"masculine\",\"12\":\"Kamino\"},{\"1\":\"Attack of the Clones\",\"2\":\"Boba Fett\",\"3\":\"Human\",\"4\":\"183\",\"5\":\"78.2\",\"6\":\"black\",\"7\":\"fair\",\"8\":\"brown\",\"9\":\"31.5\",\"10\":\"male\",\"11\":\"masculine\",\"12\":\"Kamino\"},{\"1\":\"Return of the Jedi\",\"2\":\"Boba Fett\",\"3\":\"Human\",\"4\":\"183\",\"5\":\"78.2\",\"6\":\"black\",\"7\":\"fair\",\"8\":\"brown\",\"9\":\"31.5\",\"10\":\"male\",\"11\":\"masculine\",\"12\":\"Kamino\"},{\"1\":\"The Empire Strikes Back\",\"2\":\"IG-88\",\"3\":\"Droid\",\"4\":\"200\",\"5\":\"140.0\",\"6\":\"none\",\"7\":\"metal\",\"8\":\"red\",\"9\":\"15.0\",\"10\":\"none\",\"11\":\"masculine\",\"12\":\"NA\"},{\"1\":\"The Empire Strikes Back\",\"2\":\"Bossk\",\"3\":\"Trandoshan\",\"4\":\"190\",\"5\":\"113.0\",\"6\":\"none\",\"7\":\"green\",\"8\":\"red\",\"9\":\"53.0\",\"10\":\"male\",\"11\":\"masculine\",\"12\":\"Trandosha\"},{\"1\":\"The Empire Strikes Back\",\"2\":\"Lando Calrissian\",\"3\":\"Human\",\"4\":\"177\",\"5\":\"79.0\",\"6\":\"black\",\"7\":\"dark\",\"8\":\"brown\",\"9\":\"31.0\",\"10\":\"male\",\"11\":\"masculine\",\"12\":\"Socorro\"},{\"1\":\"Return of the Jedi\",\"2\":\"Lando Calrissian\",\"3\":\"Human\",\"4\":\"177\",\"5\":\"79.0\",\"6\":\"black\",\"7\":\"dark\",\"8\":\"brown\",\"9\":\"31.0\",\"10\":\"male\",\"11\":\"masculine\",\"12\":\"Socorro\"},{\"1\":\"The Empire Strikes Back\",\"2\":\"Lobot\",\"3\":\"Human\",\"4\":\"175\",\"5\":\"79.0\",\"6\":\"none\",\"7\":\"light\",\"8\":\"blue\",\"9\":\"37.0\",\"10\":\"male\",\"11\":\"masculine\",\"12\":\"Bespin\"},{\"1\":\"Return of the Jedi\",\"2\":\"Ackbar\",\"3\":\"Mon Calamari\",\"4\":\"180\",\"5\":\"83.0\",\"6\":\"none\",\"7\":\"brown mottle\",\"8\":\"orange\",\"9\":\"41.0\",\"10\":\"male\",\"11\":\"masculine\",\"12\":\"Mon Cala\"},{\"1\":\"The Force Awakens\",\"2\":\"Ackbar\",\"3\":\"Mon Calamari\",\"4\":\"180\",\"5\":\"83.0\",\"6\":\"none\",\"7\":\"brown mottle\",\"8\":\"orange\",\"9\":\"41.0\",\"10\":\"male\",\"11\":\"masculine\",\"12\":\"Mon Cala\"},{\"1\":\"Return of the Jedi\",\"2\":\"Mon Mothma\",\"3\":\"Human\",\"4\":\"150\",\"5\":\"NA\",\"6\":\"auburn\",\"7\":\"fair\",\"8\":\"blue\",\"9\":\"48.0\",\"10\":\"female\",\"11\":\"feminine\",\"12\":\"Chandrila\"},{\"1\":\"Return of the Jedi\",\"2\":\"Arvel Crynyd\",\"3\":\"Human\",\"4\":\"NA\",\"5\":\"NA\",\"6\":\"brown\",\"7\":\"fair\",\"8\":\"brown\",\"9\":\"NA\",\"10\":\"male\",\"11\":\"masculine\",\"12\":\"NA\"},{\"1\":\"Return of the Jedi\",\"2\":\"Wicket Systri Warrick\",\"3\":\"Ewok\",\"4\":\"88\",\"5\":\"20.0\",\"6\":\"brown\",\"7\":\"brown\",\"8\":\"brown\",\"9\":\"8.0\",\"10\":\"male\",\"11\":\"masculine\",\"12\":\"Endor\"},{\"1\":\"Return of the Jedi\",\"2\":\"Nien Nunb\",\"3\":\"Sullustan\",\"4\":\"160\",\"5\":\"68.0\",\"6\":\"none\",\"7\":\"grey\",\"8\":\"black\",\"9\":\"NA\",\"10\":\"male\",\"11\":\"masculine\",\"12\":\"Sullust\"},{\"1\":\"The Phantom Menace\",\"2\":\"Qui-Gon Jinn\",\"3\":\"Human\",\"4\":\"193\",\"5\":\"89.0\",\"6\":\"brown\",\"7\":\"fair\",\"8\":\"blue\",\"9\":\"92.0\",\"10\":\"male\",\"11\":\"masculine\",\"12\":\"NA\"},{\"1\":\"Attack of the Clones\",\"2\":\"Nute Gunray\",\"3\":\"Neimodian\",\"4\":\"191\",\"5\":\"90.0\",\"6\":\"none\",\"7\":\"mottled green\",\"8\":\"red\",\"9\":\"NA\",\"10\":\"male\",\"11\":\"masculine\",\"12\":\"Cato Neimoidia\"},{\"1\":\"The Phantom Menace\",\"2\":\"Nute Gunray\",\"3\":\"Neimodian\",\"4\":\"191\",\"5\":\"90.0\",\"6\":\"none\",\"7\":\"mottled green\",\"8\":\"red\",\"9\":\"NA\",\"10\":\"male\",\"11\":\"masculine\",\"12\":\"Cato Neimoidia\"},{\"1\":\"Revenge of the Sith\",\"2\":\"Nute Gunray\",\"3\":\"Neimodian\",\"4\":\"191\",\"5\":\"90.0\",\"6\":\"none\",\"7\":\"mottled green\",\"8\":\"red\",\"9\":\"NA\",\"10\":\"male\",\"11\":\"masculine\",\"12\":\"Cato Neimoidia\"},{\"1\":\"The Phantom Menace\",\"2\":\"Finis Valorum\",\"3\":\"Human\",\"4\":\"170\",\"5\":\"NA\",\"6\":\"blond\",\"7\":\"fair\",\"8\":\"blue\",\"9\":\"91.0\",\"10\":\"male\",\"11\":\"masculine\",\"12\":\"Coruscant\"},{\"1\":\"Attack of the Clones\",\"2\":\"Jar Jar Binks\",\"3\":\"Gungan\",\"4\":\"196\",\"5\":\"66.0\",\"6\":\"none\",\"7\":\"orange\",\"8\":\"orange\",\"9\":\"52.0\",\"10\":\"male\",\"11\":\"masculine\",\"12\":\"Naboo\"},{\"1\":\"The Phantom Menace\",\"2\":\"Jar Jar Binks\",\"3\":\"Gungan\",\"4\":\"196\",\"5\":\"66.0\",\"6\":\"none\",\"7\":\"orange\",\"8\":\"orange\",\"9\":\"52.0\",\"10\":\"male\",\"11\":\"masculine\",\"12\":\"Naboo\"},{\"1\":\"The Phantom Menace\",\"2\":\"Roos Tarpals\",\"3\":\"Gungan\",\"4\":\"224\",\"5\":\"82.0\",\"6\":\"none\",\"7\":\"grey\",\"8\":\"orange\",\"9\":\"NA\",\"10\":\"male\",\"11\":\"masculine\",\"12\":\"Naboo\"},{\"1\":\"The Phantom Menace\",\"2\":\"Rugor Nass\",\"3\":\"Gungan\",\"4\":\"206\",\"5\":\"NA\",\"6\":\"none\",\"7\":\"green\",\"8\":\"orange\",\"9\":\"NA\",\"10\":\"male\",\"11\":\"masculine\",\"12\":\"Naboo\"},{\"1\":\"The Phantom Menace\",\"2\":\"Ric Olié\",\"3\":\"NA\",\"4\":\"183\",\"5\":\"NA\",\"6\":\"brown\",\"7\":\"fair\",\"8\":\"blue\",\"9\":\"NA\",\"10\":\"NA\",\"11\":\"NA\",\"12\":\"Naboo\"},{\"1\":\"Attack of the Clones\",\"2\":\"Watto\",\"3\":\"Toydarian\",\"4\":\"137\",\"5\":\"NA\",\"6\":\"black\",\"7\":\"blue, grey\",\"8\":\"yellow\",\"9\":\"NA\",\"10\":\"male\",\"11\":\"masculine\",\"12\":\"Toydaria\"},{\"1\":\"The Phantom Menace\",\"2\":\"Watto\",\"3\":\"Toydarian\",\"4\":\"137\",\"5\":\"NA\",\"6\":\"black\",\"7\":\"blue, grey\",\"8\":\"yellow\",\"9\":\"NA\",\"10\":\"male\",\"11\":\"masculine\",\"12\":\"Toydaria\"},{\"1\":\"The Phantom Menace\",\"2\":\"Sebulba\",\"3\":\"Dug\",\"4\":\"112\",\"5\":\"40.0\",\"6\":\"none\",\"7\":\"grey, red\",\"8\":\"orange\",\"9\":\"NA\",\"10\":\"male\",\"11\":\"masculine\",\"12\":\"Malastare\"},{\"1\":\"The Phantom Menace\",\"2\":\"Quarsh Panaka\",\"3\":\"NA\",\"4\":\"183\",\"5\":\"NA\",\"6\":\"black\",\"7\":\"dark\",\"8\":\"brown\",\"9\":\"62.0\",\"10\":\"NA\",\"11\":\"NA\",\"12\":\"Naboo\"},{\"1\":\"Attack of the Clones\",\"2\":\"Shmi Skywalker\",\"3\":\"Human\",\"4\":\"163\",\"5\":\"NA\",\"6\":\"black\",\"7\":\"fair\",\"8\":\"brown\",\"9\":\"72.0\",\"10\":\"female\",\"11\":\"feminine\",\"12\":\"Tatooine\"},{\"1\":\"The Phantom Menace\",\"2\":\"Shmi Skywalker\",\"3\":\"Human\",\"4\":\"163\",\"5\":\"NA\",\"6\":\"black\",\"7\":\"fair\",\"8\":\"brown\",\"9\":\"72.0\",\"10\":\"female\",\"11\":\"feminine\",\"12\":\"Tatooine\"},{\"1\":\"The Phantom Menace\",\"2\":\"Darth Maul\",\"3\":\"Zabrak\",\"4\":\"175\",\"5\":\"80.0\",\"6\":\"none\",\"7\":\"red\",\"8\":\"yellow\",\"9\":\"54.0\",\"10\":\"male\",\"11\":\"masculine\",\"12\":\"Dathomir\"},{\"1\":\"Return of the Jedi\",\"2\":\"Bib Fortuna\",\"3\":\"Twi'lek\",\"4\":\"180\",\"5\":\"NA\",\"6\":\"none\",\"7\":\"pale\",\"8\":\"pink\",\"9\":\"NA\",\"10\":\"male\",\"11\":\"masculine\",\"12\":\"Ryloth\"},{\"1\":\"Attack of the Clones\",\"2\":\"Ayla Secura\",\"3\":\"Twi'lek\",\"4\":\"178\",\"5\":\"55.0\",\"6\":\"none\",\"7\":\"blue\",\"8\":\"hazel\",\"9\":\"48.0\",\"10\":\"female\",\"11\":\"feminine\",\"12\":\"Ryloth\"},{\"1\":\"The Phantom Menace\",\"2\":\"Ayla Secura\",\"3\":\"Twi'lek\",\"4\":\"178\",\"5\":\"55.0\",\"6\":\"none\",\"7\":\"blue\",\"8\":\"hazel\",\"9\":\"48.0\",\"10\":\"female\",\"11\":\"feminine\",\"12\":\"Ryloth\"},{\"1\":\"Revenge of the Sith\",\"2\":\"Ayla Secura\",\"3\":\"Twi'lek\",\"4\":\"178\",\"5\":\"55.0\",\"6\":\"none\",\"7\":\"blue\",\"8\":\"hazel\",\"9\":\"48.0\",\"10\":\"female\",\"11\":\"feminine\",\"12\":\"Ryloth\"},{\"1\":\"The Phantom Menace\",\"2\":\"Dud Bolt\",\"3\":\"Vulptereen\",\"4\":\"94\",\"5\":\"45.0\",\"6\":\"none\",\"7\":\"blue, grey\",\"8\":\"yellow\",\"9\":\"NA\",\"10\":\"male\",\"11\":\"masculine\",\"12\":\"Vulpter\"},{\"1\":\"The Phantom Menace\",\"2\":\"Gasgano\",\"3\":\"Xexto\",\"4\":\"122\",\"5\":\"NA\",\"6\":\"none\",\"7\":\"white, blue\",\"8\":\"black\",\"9\":\"NA\",\"10\":\"male\",\"11\":\"masculine\",\"12\":\"Troiken\"},{\"1\":\"The Phantom Menace\",\"2\":\"Ben Quadinaros\",\"3\":\"Toong\",\"4\":\"163\",\"5\":\"65.0\",\"6\":\"none\",\"7\":\"grey, green, yellow\",\"8\":\"orange\",\"9\":\"NA\",\"10\":\"male\",\"11\":\"masculine\",\"12\":\"Tund\"},{\"1\":\"Attack of the Clones\",\"2\":\"Mace Windu\",\"3\":\"Human\",\"4\":\"188\",\"5\":\"84.0\",\"6\":\"none\",\"7\":\"dark\",\"8\":\"brown\",\"9\":\"72.0\",\"10\":\"male\",\"11\":\"masculine\",\"12\":\"Haruun Kal\"},{\"1\":\"The Phantom Menace\",\"2\":\"Mace Windu\",\"3\":\"Human\",\"4\":\"188\",\"5\":\"84.0\",\"6\":\"none\",\"7\":\"dark\",\"8\":\"brown\",\"9\":\"72.0\",\"10\":\"male\",\"11\":\"masculine\",\"12\":\"Haruun Kal\"},{\"1\":\"Revenge of the Sith\",\"2\":\"Mace Windu\",\"3\":\"Human\",\"4\":\"188\",\"5\":\"84.0\",\"6\":\"none\",\"7\":\"dark\",\"8\":\"brown\",\"9\":\"72.0\",\"10\":\"male\",\"11\":\"masculine\",\"12\":\"Haruun Kal\"},{\"1\":\"Attack of the Clones\",\"2\":\"Ki-Adi-Mundi\",\"3\":\"Cerean\",\"4\":\"198\",\"5\":\"82.0\",\"6\":\"white\",\"7\":\"pale\",\"8\":\"yellow\",\"9\":\"92.0\",\"10\":\"male\",\"11\":\"masculine\",\"12\":\"Cerea\"},{\"1\":\"The Phantom Menace\",\"2\":\"Ki-Adi-Mundi\",\"3\":\"Cerean\",\"4\":\"198\",\"5\":\"82.0\",\"6\":\"white\",\"7\":\"pale\",\"8\":\"yellow\",\"9\":\"92.0\",\"10\":\"male\",\"11\":\"masculine\",\"12\":\"Cerea\"},{\"1\":\"Revenge of the Sith\",\"2\":\"Ki-Adi-Mundi\",\"3\":\"Cerean\",\"4\":\"198\",\"5\":\"82.0\",\"6\":\"white\",\"7\":\"pale\",\"8\":\"yellow\",\"9\":\"92.0\",\"10\":\"male\",\"11\":\"masculine\",\"12\":\"Cerea\"},{\"1\":\"Attack of the Clones\",\"2\":\"Kit Fisto\",\"3\":\"Nautolan\",\"4\":\"196\",\"5\":\"87.0\",\"6\":\"none\",\"7\":\"green\",\"8\":\"black\",\"9\":\"NA\",\"10\":\"male\",\"11\":\"masculine\",\"12\":\"Glee Anselm\"},{\"1\":\"The Phantom Menace\",\"2\":\"Kit Fisto\",\"3\":\"Nautolan\",\"4\":\"196\",\"5\":\"87.0\",\"6\":\"none\",\"7\":\"green\",\"8\":\"black\",\"9\":\"NA\",\"10\":\"male\",\"11\":\"masculine\",\"12\":\"Glee Anselm\"},{\"1\":\"Revenge of the Sith\",\"2\":\"Kit Fisto\",\"3\":\"Nautolan\",\"4\":\"196\",\"5\":\"87.0\",\"6\":\"none\",\"7\":\"green\",\"8\":\"black\",\"9\":\"NA\",\"10\":\"male\",\"11\":\"masculine\",\"12\":\"Glee Anselm\"},{\"1\":\"The Phantom Menace\",\"2\":\"Eeth Koth\",\"3\":\"Zabrak\",\"4\":\"171\",\"5\":\"NA\",\"6\":\"black\",\"7\":\"brown\",\"8\":\"brown\",\"9\":\"NA\",\"10\":\"male\",\"11\":\"masculine\",\"12\":\"Iridonia\"},{\"1\":\"Revenge of the Sith\",\"2\":\"Eeth Koth\",\"3\":\"Zabrak\",\"4\":\"171\",\"5\":\"NA\",\"6\":\"black\",\"7\":\"brown\",\"8\":\"brown\",\"9\":\"NA\",\"10\":\"male\",\"11\":\"masculine\",\"12\":\"Iridonia\"},{\"1\":\"The Phantom Menace\",\"2\":\"Adi Gallia\",\"3\":\"Tholothian\",\"4\":\"184\",\"5\":\"50.0\",\"6\":\"none\",\"7\":\"dark\",\"8\":\"blue\",\"9\":\"NA\",\"10\":\"female\",\"11\":\"feminine\",\"12\":\"Coruscant\"},{\"1\":\"Revenge of the Sith\",\"2\":\"Adi Gallia\",\"3\":\"Tholothian\",\"4\":\"184\",\"5\":\"50.0\",\"6\":\"none\",\"7\":\"dark\",\"8\":\"blue\",\"9\":\"NA\",\"10\":\"female\",\"11\":\"feminine\",\"12\":\"Coruscant\"},{\"1\":\"The Phantom Menace\",\"2\":\"Saesee Tiin\",\"3\":\"Iktotchi\",\"4\":\"188\",\"5\":\"NA\",\"6\":\"none\",\"7\":\"pale\",\"8\":\"orange\",\"9\":\"NA\",\"10\":\"male\",\"11\":\"masculine\",\"12\":\"Iktotch\"},{\"1\":\"Revenge of the Sith\",\"2\":\"Saesee Tiin\",\"3\":\"Iktotchi\",\"4\":\"188\",\"5\":\"NA\",\"6\":\"none\",\"7\":\"pale\",\"8\":\"orange\",\"9\":\"NA\",\"10\":\"male\",\"11\":\"masculine\",\"12\":\"Iktotch\"},{\"1\":\"The Phantom Menace\",\"2\":\"Yarael Poof\",\"3\":\"Quermian\",\"4\":\"264\",\"5\":\"NA\",\"6\":\"none\",\"7\":\"white\",\"8\":\"yellow\",\"9\":\"NA\",\"10\":\"male\",\"11\":\"masculine\",\"12\":\"Quermia\"},{\"1\":\"Attack of the Clones\",\"2\":\"Plo Koon\",\"3\":\"Kel Dor\",\"4\":\"188\",\"5\":\"80.0\",\"6\":\"none\",\"7\":\"orange\",\"8\":\"black\",\"9\":\"22.0\",\"10\":\"male\",\"11\":\"masculine\",\"12\":\"Dorin\"},{\"1\":\"The Phantom Menace\",\"2\":\"Plo Koon\",\"3\":\"Kel Dor\",\"4\":\"188\",\"5\":\"80.0\",\"6\":\"none\",\"7\":\"orange\",\"8\":\"black\",\"9\":\"22.0\",\"10\":\"male\",\"11\":\"masculine\",\"12\":\"Dorin\"},{\"1\":\"Revenge of the Sith\",\"2\":\"Plo Koon\",\"3\":\"Kel Dor\",\"4\":\"188\",\"5\":\"80.0\",\"6\":\"none\",\"7\":\"orange\",\"8\":\"black\",\"9\":\"22.0\",\"10\":\"male\",\"11\":\"masculine\",\"12\":\"Dorin\"},{\"1\":\"Attack of the Clones\",\"2\":\"Mas Amedda\",\"3\":\"Chagrian\",\"4\":\"196\",\"5\":\"NA\",\"6\":\"none\",\"7\":\"blue\",\"8\":\"blue\",\"9\":\"NA\",\"10\":\"male\",\"11\":\"masculine\",\"12\":\"Champala\"},{\"1\":\"The Phantom Menace\",\"2\":\"Mas Amedda\",\"3\":\"Chagrian\",\"4\":\"196\",\"5\":\"NA\",\"6\":\"none\",\"7\":\"blue\",\"8\":\"blue\",\"9\":\"NA\",\"10\":\"male\",\"11\":\"masculine\",\"12\":\"Champala\"},{\"1\":\"Attack of the Clones\",\"2\":\"Gregar Typho\",\"3\":\"Human\",\"4\":\"185\",\"5\":\"85.0\",\"6\":\"black\",\"7\":\"dark\",\"8\":\"brown\",\"9\":\"NA\",\"10\":\"male\",\"11\":\"masculine\",\"12\":\"Naboo\"},{\"1\":\"Attack of the Clones\",\"2\":\"Cordé\",\"3\":\"Human\",\"4\":\"157\",\"5\":\"NA\",\"6\":\"brown\",\"7\":\"light\",\"8\":\"brown\",\"9\":\"NA\",\"10\":\"female\",\"11\":\"feminine\",\"12\":\"Naboo\"},{\"1\":\"Attack of the Clones\",\"2\":\"Cliegg Lars\",\"3\":\"Human\",\"4\":\"183\",\"5\":\"NA\",\"6\":\"brown\",\"7\":\"fair\",\"8\":\"blue\",\"9\":\"82.0\",\"10\":\"male\",\"11\":\"masculine\",\"12\":\"Tatooine\"},{\"1\":\"Attack of the Clones\",\"2\":\"Poggle the Lesser\",\"3\":\"Geonosian\",\"4\":\"183\",\"5\":\"80.0\",\"6\":\"none\",\"7\":\"green\",\"8\":\"yellow\",\"9\":\"NA\",\"10\":\"male\",\"11\":\"masculine\",\"12\":\"Geonosis\"},{\"1\":\"Revenge of the Sith\",\"2\":\"Poggle the Lesser\",\"3\":\"Geonosian\",\"4\":\"183\",\"5\":\"80.0\",\"6\":\"none\",\"7\":\"green\",\"8\":\"yellow\",\"9\":\"NA\",\"10\":\"male\",\"11\":\"masculine\",\"12\":\"Geonosis\"},{\"1\":\"Attack of the Clones\",\"2\":\"Luminara Unduli\",\"3\":\"Mirialan\",\"4\":\"170\",\"5\":\"56.2\",\"6\":\"black\",\"7\":\"yellow\",\"8\":\"blue\",\"9\":\"58.0\",\"10\":\"female\",\"11\":\"feminine\",\"12\":\"Mirial\"},{\"1\":\"Revenge of the Sith\",\"2\":\"Luminara Unduli\",\"3\":\"Mirialan\",\"4\":\"170\",\"5\":\"56.2\",\"6\":\"black\",\"7\":\"yellow\",\"8\":\"blue\",\"9\":\"58.0\",\"10\":\"female\",\"11\":\"feminine\",\"12\":\"Mirial\"},{\"1\":\"Attack of the Clones\",\"2\":\"Barriss Offee\",\"3\":\"Mirialan\",\"4\":\"166\",\"5\":\"50.0\",\"6\":\"black\",\"7\":\"yellow\",\"8\":\"blue\",\"9\":\"40.0\",\"10\":\"female\",\"11\":\"feminine\",\"12\":\"Mirial\"},{\"1\":\"Attack of the Clones\",\"2\":\"Dormé\",\"3\":\"Human\",\"4\":\"165\",\"5\":\"NA\",\"6\":\"brown\",\"7\":\"light\",\"8\":\"brown\",\"9\":\"NA\",\"10\":\"female\",\"11\":\"feminine\",\"12\":\"Naboo\"},{\"1\":\"Attack of the Clones\",\"2\":\"Dooku\",\"3\":\"Human\",\"4\":\"193\",\"5\":\"80.0\",\"6\":\"white\",\"7\":\"fair\",\"8\":\"brown\",\"9\":\"102.0\",\"10\":\"male\",\"11\":\"masculine\",\"12\":\"Serenno\"},{\"1\":\"Revenge of the Sith\",\"2\":\"Dooku\",\"3\":\"Human\",\"4\":\"193\",\"5\":\"80.0\",\"6\":\"white\",\"7\":\"fair\",\"8\":\"brown\",\"9\":\"102.0\",\"10\":\"male\",\"11\":\"masculine\",\"12\":\"Serenno\"},{\"1\":\"Attack of the Clones\",\"2\":\"Bail Prestor Organa\",\"3\":\"Human\",\"4\":\"191\",\"5\":\"NA\",\"6\":\"black\",\"7\":\"tan\",\"8\":\"brown\",\"9\":\"67.0\",\"10\":\"male\",\"11\":\"masculine\",\"12\":\"Alderaan\"},{\"1\":\"Revenge of the Sith\",\"2\":\"Bail Prestor Organa\",\"3\":\"Human\",\"4\":\"191\",\"5\":\"NA\",\"6\":\"black\",\"7\":\"tan\",\"8\":\"brown\",\"9\":\"67.0\",\"10\":\"male\",\"11\":\"masculine\",\"12\":\"Alderaan\"},{\"1\":\"Attack of the Clones\",\"2\":\"Jango Fett\",\"3\":\"Human\",\"4\":\"183\",\"5\":\"79.0\",\"6\":\"black\",\"7\":\"tan\",\"8\":\"brown\",\"9\":\"66.0\",\"10\":\"male\",\"11\":\"masculine\",\"12\":\"Concord Dawn\"},{\"1\":\"Attack of the Clones\",\"2\":\"Zam Wesell\",\"3\":\"Clawdite\",\"4\":\"168\",\"5\":\"55.0\",\"6\":\"blonde\",\"7\":\"fair, green, yellow\",\"8\":\"yellow\",\"9\":\"NA\",\"10\":\"female\",\"11\":\"feminine\",\"12\":\"Zolan\"},{\"1\":\"Attack of the Clones\",\"2\":\"Dexter Jettster\",\"3\":\"Besalisk\",\"4\":\"198\",\"5\":\"102.0\",\"6\":\"none\",\"7\":\"brown\",\"8\":\"yellow\",\"9\":\"NA\",\"10\":\"male\",\"11\":\"masculine\",\"12\":\"Ojom\"},{\"1\":\"Attack of the Clones\",\"2\":\"Lama Su\",\"3\":\"Kaminoan\",\"4\":\"229\",\"5\":\"88.0\",\"6\":\"none\",\"7\":\"grey\",\"8\":\"black\",\"9\":\"NA\",\"10\":\"male\",\"11\":\"masculine\",\"12\":\"Kamino\"},{\"1\":\"Attack of the Clones\",\"2\":\"Taun We\",\"3\":\"Kaminoan\",\"4\":\"213\",\"5\":\"NA\",\"6\":\"none\",\"7\":\"grey\",\"8\":\"black\",\"9\":\"NA\",\"10\":\"female\",\"11\":\"feminine\",\"12\":\"Kamino\"},{\"1\":\"Attack of the Clones\",\"2\":\"Jocasta Nu\",\"3\":\"Human\",\"4\":\"167\",\"5\":\"NA\",\"6\":\"white\",\"7\":\"fair\",\"8\":\"blue\",\"9\":\"NA\",\"10\":\"female\",\"11\":\"feminine\",\"12\":\"Coruscant\"},{\"1\":\"The Phantom Menace\",\"2\":\"Ratts Tyerell\",\"3\":\"Aleena\",\"4\":\"79\",\"5\":\"15.0\",\"6\":\"none\",\"7\":\"grey, blue\",\"8\":\"unknown\",\"9\":\"NA\",\"10\":\"male\",\"11\":\"masculine\",\"12\":\"Aleen Minor\"},{\"1\":\"Attack of the Clones\",\"2\":\"R4-P17\",\"3\":\"Droid\",\"4\":\"96\",\"5\":\"NA\",\"6\":\"none\",\"7\":\"silver, red\",\"8\":\"red, blue\",\"9\":\"NA\",\"10\":\"none\",\"11\":\"feminine\",\"12\":\"NA\"},{\"1\":\"Revenge of the Sith\",\"2\":\"R4-P17\",\"3\":\"Droid\",\"4\":\"96\",\"5\":\"NA\",\"6\":\"none\",\"7\":\"silver, red\",\"8\":\"red, blue\",\"9\":\"NA\",\"10\":\"none\",\"11\":\"feminine\",\"12\":\"NA\"},{\"1\":\"Attack of the Clones\",\"2\":\"Wat Tambor\",\"3\":\"Skakoan\",\"4\":\"193\",\"5\":\"48.0\",\"6\":\"none\",\"7\":\"green, grey\",\"8\":\"unknown\",\"9\":\"NA\",\"10\":\"male\",\"11\":\"masculine\",\"12\":\"Skako\"},{\"1\":\"Attack of the Clones\",\"2\":\"San Hill\",\"3\":\"Muun\",\"4\":\"191\",\"5\":\"NA\",\"6\":\"none\",\"7\":\"grey\",\"8\":\"gold\",\"9\":\"NA\",\"10\":\"male\",\"11\":\"masculine\",\"12\":\"Muunilinst\"},{\"1\":\"Attack of the Clones\",\"2\":\"Shaak Ti\",\"3\":\"Togruta\",\"4\":\"178\",\"5\":\"57.0\",\"6\":\"none\",\"7\":\"red, blue, white\",\"8\":\"black\",\"9\":\"NA\",\"10\":\"female\",\"11\":\"feminine\",\"12\":\"Shili\"},{\"1\":\"Revenge of the Sith\",\"2\":\"Shaak Ti\",\"3\":\"Togruta\",\"4\":\"178\",\"5\":\"57.0\",\"6\":\"none\",\"7\":\"red, blue, white\",\"8\":\"black\",\"9\":\"NA\",\"10\":\"female\",\"11\":\"feminine\",\"12\":\"Shili\"},{\"1\":\"Revenge of the Sith\",\"2\":\"Grievous\",\"3\":\"Kaleesh\",\"4\":\"216\",\"5\":\"159.0\",\"6\":\"none\",\"7\":\"brown, white\",\"8\":\"green, yellow\",\"9\":\"NA\",\"10\":\"male\",\"11\":\"masculine\",\"12\":\"Kalee\"},{\"1\":\"Revenge of the Sith\",\"2\":\"Tarfful\",\"3\":\"Wookiee\",\"4\":\"234\",\"5\":\"136.0\",\"6\":\"brown\",\"7\":\"brown\",\"8\":\"blue\",\"9\":\"NA\",\"10\":\"male\",\"11\":\"masculine\",\"12\":\"Kashyyyk\"},{\"1\":\"Revenge of the Sith\",\"2\":\"Raymus Antilles\",\"3\":\"Human\",\"4\":\"188\",\"5\":\"79.0\",\"6\":\"brown\",\"7\":\"light\",\"8\":\"brown\",\"9\":\"NA\",\"10\":\"male\",\"11\":\"masculine\",\"12\":\"Alderaan\"},{\"1\":\"A New Hope\",\"2\":\"Raymus Antilles\",\"3\":\"Human\",\"4\":\"188\",\"5\":\"79.0\",\"6\":\"brown\",\"7\":\"light\",\"8\":\"brown\",\"9\":\"NA\",\"10\":\"male\",\"11\":\"masculine\",\"12\":\"Alderaan\"},{\"1\":\"Attack of the Clones\",\"2\":\"Sly Moore\",\"3\":\"NA\",\"4\":\"178\",\"5\":\"48.0\",\"6\":\"none\",\"7\":\"pale\",\"8\":\"white\",\"9\":\"NA\",\"10\":\"NA\",\"11\":\"NA\",\"12\":\"Umbara\"},{\"1\":\"Revenge of the Sith\",\"2\":\"Sly Moore\",\"3\":\"NA\",\"4\":\"178\",\"5\":\"48.0\",\"6\":\"none\",\"7\":\"pale\",\"8\":\"white\",\"9\":\"NA\",\"10\":\"NA\",\"11\":\"NA\",\"12\":\"Umbara\"},{\"1\":\"Revenge of the Sith\",\"2\":\"Tion Medon\",\"3\":\"Pau'an\",\"4\":\"206\",\"5\":\"80.0\",\"6\":\"none\",\"7\":\"grey\",\"8\":\"black\",\"9\":\"NA\",\"10\":\"male\",\"11\":\"masculine\",\"12\":\"Utapau\"},{\"1\":\"The Force Awakens\",\"2\":\"Finn\",\"3\":\"Human\",\"4\":\"NA\",\"5\":\"NA\",\"6\":\"black\",\"7\":\"dark\",\"8\":\"dark\",\"9\":\"NA\",\"10\":\"male\",\"11\":\"masculine\",\"12\":\"NA\"},{\"1\":\"The Force Awakens\",\"2\":\"Rey\",\"3\":\"Human\",\"4\":\"NA\",\"5\":\"NA\",\"6\":\"brown\",\"7\":\"light\",\"8\":\"hazel\",\"9\":\"NA\",\"10\":\"female\",\"11\":\"feminine\",\"12\":\"NA\"},{\"1\":\"The Force Awakens\",\"2\":\"Poe Dameron\",\"3\":\"Human\",\"4\":\"NA\",\"5\":\"NA\",\"6\":\"brown\",\"7\":\"light\",\"8\":\"brown\",\"9\":\"NA\",\"10\":\"male\",\"11\":\"masculine\",\"12\":\"NA\"},{\"1\":\"The Force Awakens\",\"2\":\"BB8\",\"3\":\"Droid\",\"4\":\"NA\",\"5\":\"NA\",\"6\":\"none\",\"7\":\"none\",\"8\":\"black\",\"9\":\"NA\",\"10\":\"none\",\"11\":\"masculine\",\"12\":\"NA\"},{\"1\":\"The Force Awakens\",\"2\":\"Captain Phasma\",\"3\":\"NA\",\"4\":\"NA\",\"5\":\"NA\",\"6\":\"unknown\",\"7\":\"unknown\",\"8\":\"unknown\",\"9\":\"NA\",\"10\":\"NA\",\"11\":\"NA\",\"12\":\"NA\"},{\"1\":\"Attack of the Clones\",\"2\":\"Padmé Amidala\",\"3\":\"Human\",\"4\":\"165\",\"5\":\"45.0\",\"6\":\"brown\",\"7\":\"light\",\"8\":\"brown\",\"9\":\"46.0\",\"10\":\"female\",\"11\":\"feminine\",\"12\":\"Naboo\"},{\"1\":\"The Phantom Menace\",\"2\":\"Padmé Amidala\",\"3\":\"Human\",\"4\":\"165\",\"5\":\"45.0\",\"6\":\"brown\",\"7\":\"light\",\"8\":\"brown\",\"9\":\"46.0\",\"10\":\"female\",\"11\":\"feminine\",\"12\":\"Naboo\"},{\"1\":\"Revenge of the Sith\",\"2\":\"Padmé Amidala\",\"3\":\"Human\",\"4\":\"165\",\"5\":\"45.0\",\"6\":\"brown\",\"7\":\"light\",\"8\":\"brown\",\"9\":\"46.0\",\"10\":\"female\",\"11\":\"feminine\",\"12\":\"Naboo\"}],\"options\":{\"columns\":{\"min\":{},\"max\":[10]},\"rows\":{\"min\":[10],\"max\":[10]},\"pages\":{}}}\n  </script>\n</div>\n`````\n:::\n\n\n\n\n## Variable Description for `starwars` data.frame\n\nThe following describes the variables in the `starwars` data.frame.\n\n\n- `films`\nList of films the character appeared in\n\n- `name`\nName of the character\n\n- `species`\nName of species\n\n- `height`\nHeight (cm)\n\n- `mass`\nWeight (kg)\n\n- `hair_color`, `skin_color`, `eye_color`\nHair, skin, and eye colors\n\n- `birth_year`\nYear born (BBY = Before Battle of Yavin)\n\n- `sex`\nThe biological sex of the character, namely male, female, hermaphroditic, or none (as in the case for Droids).\n\n- `gender`\nThe gender role or gender identity of the character as determined by their personality or the way they were programmed (as in the case for Droids).\n\n- `homeworld`\nName of homeworld\n\n\n## Human vs. Droid\n\n\n::: {.cell}\n\n```{.r .cell-code}\nggplot(data = \n         starwars %>% \n         filter(species %in% c(\"Human\", \"Droid\"))) +\n  geom_boxplot(aes(x = species, y = mass, \n                   fill = species),\n               show.legend = FALSE)\n```\n\n::: {.cell-output-display}\n![](starwars2_files/figure-html/unnamed-chunk-4-1.png){width=672}\n:::\n:::\n",
    "supporting": [
      "starwars2_files"
    ],
    "filters": [
      "rmarkdown/pagebreak.lua"
    ],
    "includes": {
      "include-in-header": [
        "<link href=\"../../site_libs/pagedtable-1.1/css/pagedtable.css\" rel=\"stylesheet\" />\n<script src=\"../../site_libs/pagedtable-1.1/js/pagedtable.js\"></script>\n"
      ]
    },
    "engineDependencies": {},
    "preserve": {},
    "postProcess": true
  }
}